timestamp,commit,build_type,machine,cpu,gpu,os,demo,res,run1_fps,run2_fps,run3_fps,median_fps,notes
2026-05-11T20:51:25Z,b8915ac,fat,mini-g4,PPC 7447A @ 1.25GHz,ATI Radeon 9200 32MB,10.4.11 Tiger,demo1,1024x768,101.8,99.1,99.2,99.15,v1.0.0 Phase A baseline
2026-05-11T20:51:25Z,b8915ac,fat,quicksilver,PPC 7450 @ 733MHz,ATI Radeon 9000 Pro 64MB,10.4.11 Tiger,demo1,1024x768,68.7,68.3,68.7,68.50,v1.0.0 Phase A baseline
2026-05-11T20:51:25Z,b8915ac,fat,sawtooth,PPC 7400 @ 500MHz,NVIDIA GeForce2 MX 32MB,10.4.11 Tiger,demo1,1024x768,82.6,82.9,82.9,82.90,v1.0.0 Phase A baseline
2026-05-11T20:52:17Z,b8915ac,fat,mini-g4,PPC 7447A @ 1.25GHz,ATI Radeon 9200 32MB,10.4.11 Tiger,demo1,640x480,127.0,126.8,127.0,126.90,v1.0.0 Phase A baseline
2026-05-11T20:51:25Z,b8915ac,fat,yosemite,PPC 750 @ 449MHz,ATI Rage 128 16MB,10.3.9 Panther,demo1,1024x768,31.6,31.6,31.6,31.60,v1.0.0 Phase A baseline
2026-05-11T20:52:33Z,b8915ac,fat,sawtooth,PPC 7400 @ 500MHz,NVIDIA GeForce2 MX 32MB,10.4.11 Tiger,demo1,640x480,94.7,95.4,94.6,95.00,v1.0.0 Phase A baseline
2026-05-11T20:52:30Z,b8915ac,fat,quicksilver,PPC 7450 @ 733MHz,ATI Radeon 9000 Pro 64MB,10.4.11 Tiger,demo1,640x480,72.0,72.5,72.3,72.40,v1.0.0 Phase A baseline
2026-05-11T20:53:19Z,b8915ac,fat,yosemite,PPC 750 @ 449MHz,ATI Rage 128 16MB,10.3.9 Panther,demo1,640x480,65.6,66.1,64.2,65.15,v1.0.0 Phase A baseline
2026-05-11T21:14:30Z,b8915ac,fat,mini-intel,Core 2 Duo @ 2.33GHz,Intel GMA 950 64MB,10.7.5 Lion,demo1,1024x768,80.9,79.9,81.7,80.80,v1.0.0 Phase A baseline
2026-05-11T21:15:19Z,b8915ac,fat,mini-intel,Core 2 Duo @ 2.33GHz,Intel GMA 950 64MB,10.7.5 Lion,demo1,640x480,59.4,59.4,59.4,59.40,v1.0.0 Phase A baseline
2026-05-11T21:17:45Z,b8915ac,fat,mini-intel,Core 2 Duo @ 2.33GHz,Intel GMA 950 64MB,10.7.5 Lion,demo1,1024x768,101.3,NA,NA,101.3,v1.0.0 Phase A baseline
2026-05-11T21:18:40Z,9789210,per-target,mini-intel,Core 2 Duo @ 2.33GHz,Intel GMA 950 64MB,10.7.5 Lion,demo1,1024x768,101.3,NA,NA,101.3,v1.0.0 Phase A baseline
2026-05-11T20:20:21Z,b8915ac,fat,yosemite,PPC 750 @ 449MHz,ATI Rage 128 16MB,10.3.9 Panther,demo1,640x480,18.3,66.1,64.2,65.15,v1.0.0 Phase A baseline
2026-05-19T18:11:59Z,5fca91a,fat,imac-2019,i5-9600K @ 3.7GHz,AMD Radeon Pro 580X 8GB,15.7 Sequoia,demo1,1024x768,688.3,700.9,702.3,701.60,v1.0.0 Phase A baseline
2026-05-19T18:12:25Z,5fca91a,fat,imac-2019,i5-9600K @ 3.7GHz,AMD Radeon Pro 580X 8GB,15.7 Sequoia,demo1,640x480,709.6,709.6,708.8,709.20,v1.0.0 Phase A baseline
2026-05-19T18:29:00Z,a6b3458,fat,imac-2019,i5-9600K @ 3.7GHz,AMD Radeon Pro 580X 8GB,15.7 Sequoia,demo2,1024x768,703.9,738.4,727.1,732.75,v1.0.0 Phase A baseline
2026-05-19T18:29:00Z,a6b3458,fat,mini-intel,Core 2 Duo @ 2.33GHz,Intel GMA 950 64MB,10.7.5 Lion,demo2,1024x768,108.1,108.3,108.6,108.45,v1.0.0 Phase A baseline
2026-05-19T18:29:00Z,a6b3458,fat,mini-g4,PPC 7447A @ 1.25GHz,ATI Radeon 9200 32MB,10.4.11 Tiger,demo2,1024x768,99.5,100.4,100.3,100.35,v1.0.0 Phase A baseline
2026-05-19T18:29:37Z,a6b3458,fat,imac-2019,i5-9600K @ 3.7GHz,AMD Radeon Pro 580X 8GB,15.7 Sequoia,demo2,640x480,663.1,714.5,722.0,718.25,v1.0.0 Phase A baseline
2026-05-19T18:29:00Z,a6b3458,fat,sawtooth,PPC 7400 @ 500MHz,NVIDIA GeForce2 MX 32MB,10.4.11 Tiger,demo2,1024x768,81.7,82.2,82.4,82.30,v1.0.0 Phase A baseline
2026-05-19T18:29:53Z,a6b3458,fat,mini-intel,Core 2 Duo @ 2.33GHz,Intel GMA 950 64MB,10.7.5 Lion,demo2,640x480,59.4,59.4,59.4,59.40,v1.0.0 Phase A baseline
2026-05-19T18:29:00Z,a6b3458,fat,yosemite,PPC 750 @ 449MHz,ATI Rage 128 16MB,10.3.9 Panther,demo2,1024x768,31.0,31.0,31.0,31.00,v1.0.0 Phase A baseline
2026-05-19T18:30:11Z,a6b3458,fat,mini-g4,PPC 7447A @ 1.25GHz,ATI Radeon 9200 32MB,10.4.11 Tiger,demo2,640x480,125.7,125.4,125.6,125.50,v1.0.0 Phase A baseline
2026-05-19T18:30:42Z,a6b3458,fat,sawtooth,PPC 7400 @ 500MHz,NVIDIA GeForce2 MX 32MB,10.4.11 Tiger,demo2,640x480,93.6,93.0,93.6,93.30,v1.0.0 Phase A baseline
2026-05-19T18:31:33Z,a6b3458,fat,yosemite,PPC 750 @ 449MHz,ATI Rage 128 16MB,10.3.9 Panther,demo2,640x480,63.9,63.8,63.9,63.85,v1.0.0 Phase A baseline
2026-05-19T18:33:59Z,a6b3458,fat,quicksilver,PPC 7450 @ 733MHz,ATI Radeon 9000 Pro 64MB,10.4.11 Tiger,demo2,1024x768,69.2,68.8,68.9,68.85,v1.0.0 Phase A baseline
2026-05-19T18:35:02Z,a6b3458,fat,quicksilver,PPC 7450 @ 733MHz,ATI Radeon 9000 Pro 64MB,10.4.11 Tiger,demo2,640x480,73.3,72.7,73.4,73.05,v1.0.0 Phase A baseline
2026-05-19T18:43:18Z,404824b,fat,imac-2019,i5-9600K @ 3.7GHz,AMD Radeon Pro 580X 8GB,15.7 Sequoia,demo1,1024x768,723.7,725.3,723.0,724.15,fog enabled (Phase C #1)
2026-05-19T18:43:18Z,404824b,fat,mini-intel,Core 2 Duo @ 2.33GHz,Intel GMA 950 64MB,10.7.5 Lion,demo1,1024x768,101.0,101.3,101.3,101.30,fog enabled (Phase C #1)
2026-05-19T18:43:40Z,404824b,fat,imac-2019,i5-9600K @ 3.7GHz,AMD Radeon Pro 580X 8GB,15.7 Sequoia,demo1,640x480,708.1,707.4,708.1,707.75,fog enabled (Phase C #1)
2026-05-19T18:43:18Z,404824b,fat,mini-g4,PPC 7447A @ 1.25GHz,ATI Radeon 9200 32MB,10.4.11 Tiger,demo1,1024x768,100.2,101.2,100.8,101.00,fog enabled (Phase C #1)
2026-05-19T18:43:18Z,404824b,fat,quicksilver,PPC 7450 @ 733MHz,ATI Radeon 9000 Pro 64MB,10.4.11 Tiger,demo1,1024x768,67.4,68.5,68.4,68.45,fog enabled (Phase C #1)
2026-05-19T18:43:18Z,404824b,fat,sawtooth,PPC 7400 @ 500MHz,NVIDIA GeForce2 MX 32MB,10.4.11 Tiger,demo1,1024x768,82.6,83.1,83.1,83.10,fog enabled (Phase C #1)
2026-05-19T18:44:09Z,404824b,fat,mini-g4,PPC 7447A @ 1.25GHz,ATI Radeon 9200 32MB,10.4.11 Tiger,demo1,640x480,127.4,127.0,127.5,127.25,fog enabled (Phase C #1)
2026-05-19T18:43:59Z,404824b,fat,mini-intel,Core 2 Duo @ 2.33GHz,Intel GMA 950 64MB,10.7.5 Lion,demo1,640x480,59.4,59.4,59.4,59.40,fog enabled (Phase C #1)
2026-05-19T18:43:18Z,404824b,fat,yosemite,PPC 750 @ 449MHz,ATI Rage 128 16MB,10.3.9 Panther,demo1,1024x768,31.5,31.6,31.5,31.55,fog enabled (Phase C #1)
2026-05-19T18:44:25Z,404824b,fat,quicksilver,PPC 7450 @ 733MHz,ATI Radeon 9000 Pro 64MB,10.4.11 Tiger,demo1,640x480,72.2,72.6,71.7,72.15,fog enabled (Phase C #1)
2026-05-19T18:44:27Z,404824b,fat,sawtooth,PPC 7400 @ 500MHz,NVIDIA GeForce2 MX 32MB,10.4.11 Tiger,demo1,640x480,94.6,95.4,94.4,94.90,fog enabled (Phase C #1)
2026-05-19T18:45:15Z,404824b,fat,yosemite,PPC 750 @ 449MHz,ATI Rage 128 16MB,10.3.9 Panther,demo1,640x480,65.9,66.1,66.0,66.05,fog enabled (Phase C #1)
2026-05-19T18:57:27Z,c3d1de3,fat,imac-2019,i5-9600K @ 3.7GHz,AMD Radeon Pro 580X 8GB,15.7 Sequoia,demo1,1024x768,719.2,726.8,726.0,726.40,waterwarp + fog (Phase C #2)
2026-05-19T18:57:27Z,c3d1de3,fat,mini-intel,Core 2 Duo @ 2.33GHz,Intel GMA 950 64MB,10.7.5 Lion,demo1,1024x768,101.3,101.1,101.1,101.10,waterwarp + fog (Phase C #2)
2026-05-19T18:57:48Z,c3d1de3,fat,imac-2019,i5-9600K @ 3.7GHz,AMD Radeon Pro 580X 8GB,15.7 Sequoia,demo1,640x480,710.3,711.0,712.5,711.75,waterwarp + fog (Phase C #2)
2026-05-19T18:57:27Z,c3d1de3,fat,mini-g4,PPC 7447A @ 1.25GHz,ATI Radeon 9200 32MB,10.4.11 Tiger,demo1,1024x768,99.8,101.1,101.2,101.15,waterwarp + fog (Phase C #2)
2026-05-19T18:57:27Z,c3d1de3,fat,quicksilver,PPC 7450 @ 733MHz,ATI Radeon 9000 Pro 64MB,10.4.11 Tiger,demo1,1024x768,68.2,68.2,68.5,68.35,waterwarp + fog (Phase C #2)
2026-05-19T18:57:27Z,c3d1de3,fat,sawtooth,PPC 7400 @ 500MHz,NVIDIA GeForce2 MX 32MB,10.4.11 Tiger,demo1,1024x768,82.2,82.5,83.6,83.05,waterwarp + fog (Phase C #2)
2026-05-19T18:58:17Z,c3d1de3,fat,mini-g4,PPC 7447A @ 1.25GHz,ATI Radeon 9200 32MB,10.4.11 Tiger,demo1,640x480,127.3,126.8,127.1,126.95,waterwarp + fog (Phase C #2)
2026-05-19T18:58:09Z,c3d1de3,fat,mini-intel,Core 2 Duo @ 2.33GHz,Intel GMA 950 64MB,10.7.5 Lion,demo1,640x480,59.4,59.4,59.4,59.40,waterwarp + fog (Phase C #2)
2026-05-19T18:57:27Z,c3d1de3,fat,yosemite,PPC 750 @ 449MHz,ATI Rage 128 16MB,10.3.9 Panther,demo1,1024x768,31.5,31.5,31.5,31.50,waterwarp + fog (Phase C #2)
2026-05-19T18:58:34Z,c3d1de3,fat,sawtooth,PPC 7400 @ 500MHz,NVIDIA GeForce2 MX 32MB,10.4.11 Tiger,demo1,640x480,95.3,95.4,95.1,95.25,waterwarp + fog (Phase C #2)
2026-05-19T18:58:32Z,c3d1de3,fat,quicksilver,PPC 7450 @ 733MHz,ATI Radeon 9000 Pro 64MB,10.4.11 Tiger,demo1,640x480,71.8,71.5,72.3,71.90,waterwarp + fog (Phase C #2)
2026-05-19T18:59:23Z,c3d1de3,fat,yosemite,PPC 750 @ 449MHz,ATI Rage 128 16MB,10.3.9 Panther,demo1,640x480,66.2,66.0,65.8,65.90,waterwarp + fog (Phase C #2)
2026-05-19T19:02:58Z,2c39855,fat,sawtooth,PPC 7400 @ 500MHz,NVIDIA GeForce2 MX 32MB,10.4.11 Tiger,demo1,1024x768,14.5,15.0,15.3,15.15,sawtooth visual unlock | feat(refresh): gl_waterwarp — underwater frustum sine-warp (Phase C #2)
2026-05-19T19:06:02Z,2c39855,fat,sawtooth,PPC 7400 @ 500MHz,NVIDIA GeForce2 MX 32MB,10.4.11 Tiger,demo1,640x480,15.1,15.5,15.5,15.50,sawtooth visual unlock | feat(refresh): gl_waterwarp — underwater frustum sine-warp (Phase C #2)
2026-05-19T19:09:44Z,2c39855,fat,sawtooth,PPC 7400 @ 500MHz,NVIDIA GeForce2 MX 32MB,10.4.11 Tiger,demo1,1024x768,69.2,69.7,69.9,69.80,sawtooth: picmip 0 + trilinear + shadows; dlights still off | feat(refresh): gl_waterwarp — underwater frustum sine-warp (Phase C #2)
2026-05-19T19:10:59Z,2c39855,fat,sawtooth,PPC 7400 @ 500MHz,NVIDIA GeForce2 MX 32MB,10.4.11 Tiger,demo1,640x480,77.9,78.2,78.3,78.25,sawtooth: picmip 0 + trilinear + shadows; dlights still off | feat(refresh): gl_waterwarp — underwater frustum sine-warp (Phase C #2)
2026-05-19T19:14:39Z,c07b6eb,fat,mini-intel,Core 2 Duo @ 2.33GHz,Intel GMA 950 64MB,10.7.5 Lion,demo1,1024x768,101.1,101.2,100.8,101.00,AF unlock (R200=16, GMA=8)
2026-05-19T19:14:39Z,c07b6eb,fat,mini-g4,PPC 7447A @ 1.25GHz,ATI Radeon 9200 32MB,10.4.11 Tiger,demo1,1024x768,98.0,99.0,99.1,99.05,AF unlock (R200=16, GMA=8)
2026-05-19T19:14:39Z,c07b6eb,fat,quicksilver,PPC 7450 @ 733MHz,ATI Radeon 9000 Pro 64MB,10.4.11 Tiger,demo1,1024x768,69.0,70.0,69.7,69.85,AF unlock (R200=16, GMA=8)
2026-05-19T19:15:29Z,c07b6eb,fat,mini-g4,PPC 7447A @ 1.25GHz,ATI Radeon 9200 32MB,10.4.11 Tiger,demo1,640x480,126.4,126.1,126.5,126.30,AF unlock (R200=16, GMA=8)
2026-05-19T19:15:20Z,c07b6eb,fat,mini-intel,Core 2 Duo @ 2.33GHz,Intel GMA 950 64MB,10.7.5 Lion,demo1,640x480,59.4,59.4,59.4,59.40,AF unlock (R200=16, GMA=8)
2026-05-19T19:15:45Z,c07b6eb,fat,quicksilver,PPC 7450 @ 733MHz,ATI Radeon 9000 Pro 64MB,10.4.11 Tiger,demo1,640x480,74.3,73.9,73.0,73.45,AF unlock (R200=16, GMA=8)
2026-05-19T19:22:30Z,b8a2718,fat,imac-2019,i5-9600K @ 3.7GHz,AMD Radeon Pro 580X 8GB,15.7 Sequoia,demo1,1024x768,702.3,700.9,707.4,704.15,Phase B #1: lightmap subrect upload
2026-05-19T19:22:30Z,b8a2718,fat,mini-intel,Core 2 Duo @ 2.33GHz,Intel GMA 950 64MB,10.7.5 Lion,demo1,1024x768,101.3,101.3,101.3,101.30,Phase B #1: lightmap subrect upload
2026-05-19T19:22:54Z,b8a2718,fat,imac-2019,i5-9600K @ 3.7GHz,AMD Radeon Pro 580X 8GB,15.7 Sequoia,demo1,640x480,700.9,698.1,699.5,698.80,Phase B #1: lightmap subrect upload
2026-05-19T19:22:30Z,b8a2718,fat,mini-g4,PPC 7447A @ 1.25GHz,ATI Radeon 9200 32MB,10.4.11 Tiger,demo1,1024x768,98.7,99.2,99.2,99.20,Phase B #1: lightmap subrect upload
2026-05-19T19:22:30Z,b8a2718,fat,quicksilver,PPC 7450 @ 733MHz,ATI Radeon 9000 Pro 64MB,10.4.11 Tiger,demo1,1024x768,69.4,70.0,70.2,70.10,Phase B #1: lightmap subrect upload
2026-05-19T19:22:30Z,b8a2718,fat,sawtooth,PPC 7400 @ 500MHz,NVIDIA GeForce2 MX 32MB,10.4.11 Tiger,demo1,1024x768,69.2,70.0,69.8,69.90,Phase B #1: lightmap subrect upload
2026-05-19T19:23:20Z,b8a2718,fat,mini-g4,PPC 7447A @ 1.25GHz,ATI Radeon 9200 32MB,10.4.11 Tiger,demo1,640x480,127.2,127.0,126.8,126.90,Phase B #1: lightmap subrect upload
2026-05-19T19:23:10Z,b8a2718,fat,mini-intel,Core 2 Duo @ 2.33GHz,Intel GMA 950 64MB,10.7.5 Lion,demo1,640x480,59.4,59.4,59.4,59.40,Phase B #1: lightmap subrect upload
2026-05-19T19:22:30Z,b8a2718,fat,yosemite,PPC 750 @ 449MHz,ATI Rage 128 16MB,10.3.9 Panther,demo1,1024x768,31.6,31.6,31.6,31.60,Phase B #1: lightmap subrect upload
2026-05-19T19:23:36Z,b8a2718,fat,quicksilver,PPC 7450 @ 733MHz,ATI Radeon 9000 Pro 64MB,10.4.11 Tiger,demo1,640x480,73.9,74.0,72.6,73.30,Phase B #1: lightmap subrect upload
2026-05-19T19:23:43Z,b8a2718,fat,sawtooth,PPC 7400 @ 500MHz,NVIDIA GeForce2 MX 32MB,10.4.11 Tiger,demo1,640x480,77.7,78.3,77.8,78.05,Phase B #1: lightmap subrect upload
2026-05-19T19:24:24Z,b8a2718,fat,yosemite,PPC 750 @ 449MHz,ATI Rage 128 16MB,10.3.9 Panther,demo1,640x480,66.0,65.9,66.5,66.20,Phase B #1: lightmap subrect upload
2026-05-19T19:27:35Z,937a870,fat,sawtooth,PPC 7400 @ 500MHz,NVIDIA GeForce2 MX 32MB,10.4.11 Tiger,demo1,1024x768,14.3,15.3,15.2,15.25,sawtooth dlights retry with subrect | refactor(refresh): lightmap subrect upload — track + upload only dirty columns
2026-05-19T19:44:30Z,937a870,fat,sawtooth,PPC 7400 @ 500MHz,NVIDIA GeForce2 MX 32MB,10.4.11 Tiger,demo1,1024x768,68.3,69.5,69.2,69.35,sawtooth dlight try-3: gl_flashblend 1 cheap halo path | refactor(refresh): lightmap subrect upload — track + upload only dirty columns
2026-05-19T19:45:54Z,937a870,fat,sawtooth,PPC 7400 @ 500MHz,NVIDIA GeForce2 MX 32MB,10.4.11 Tiger,demo1,640x480,78.1,78.2,78.2,78.20,sawtooth dlight try-3: gl_flashblend 1 cheap halo path | refactor(refresh): lightmap subrect upload — track + upload only dirty columns
2026-05-19T19:54:46Z,7051a09,fat,sawtooth,PPC 7400 @ 500MHz,NVIDIA GeForce2 MX 32MB,10.4.11 Tiger,demo1,1024x768,66.8,67.4,67.3,67.35,sawtooth +AF2x layer | feat(autoexec/sawtooth): gl_flashblend 1 — visible dlight halos at 60+ fps
2026-05-19T19:56:16Z,7051a09,fat,yosemite,PPC 750 @ 449MHz,ATI Rage 128 16MB,10.3.9 Panther,demo1,640x480,66.0,66.3,65.9,66.10,yosemite +AF2x trial | feat(autoexec/sawtooth): gl_flashblend 1 — visible dlight halos at 60+ fps
2026-05-19T19:57:43Z,7051a09,fat,yosemite,PPC 750 @ 449MHz,ATI Rage 128 16MB,10.3.9 Panther,demo1,1024x768,31.6,31.5,31.6,31.55,yosemite +AF2x trial 1024 | feat(autoexec/sawtooth): gl_flashblend 1 — visible dlight halos at 60+ fps
2026-05-19T20:03:09Z,d82d3fa,fat,imac-2019,i5-9600K @ 3.7GHz,AMD Radeon Pro 580X 8GB,15.7 Sequoia,demo1,1024x768,726.0,732.2,733.0,732.60,imac-2019 +overbrightbits 4 Q3-style | feat(autoexec): gl_anisotropic 2 on sawtooth (GF2 MX) + yosemite (R128)
2026-05-19T20:04:26Z,d82d3fa,fat,quicksilver,PPC 7450 @ 733MHz,ATI Radeon 9000 Pro 64MB,10.4.11 Tiger,demo1,1024x768,69.5,70.3,70.2,70.25,quicksilver +OBB4 Q3-style | feat(autoexec): gl_anisotropic 2 on sawtooth (GF2 MX) + yosemite (R128)
2026-05-19T20:05:49Z,d82d3fa,fat,mini-intel,Core 2 Duo @ 2.33GHz,Intel GMA 950 64MB,10.7.5 Lion,demo1,1024x768,102.0,102.0,102.1,102.05,mini-intel +OBB4 Q3-style | feat(autoexec): gl_anisotropic 2 on sawtooth (GF2 MX) + yosemite (R128)
2026-05-19T20:06:43Z,d82d3fa,fat,mini-g4,PPC 7447A @ 1.25GHz,ATI Radeon 9200 32MB,10.4.11 Tiger,demo1,1024x768,98.2,99.2,99.3,99.25,mini-g4 +OBB4 Q3-style | feat(autoexec): gl_anisotropic 2 on sawtooth (GF2 MX) + yosemite (R128)
2026-05-20T17:05:00Z,b9588bc,fat,mini-intel,Core 2 Duo @ 2.33GHz,Intel GMA 950 64MB,10.7.5 Lion,demo1,1024x768,118.8,119.3,119.4,119.35,group-draw + stb_image + retex enabled (Phase B #3) smoke test | feat(common): bundle HD texture pack search path + HD_PACK docs
2026-05-20T17:05:49Z,b9588bc,fat,mini-intel,Core 2 Duo @ 2.33GHz,Intel GMA 950 64MB,10.7.5 Lion,demo1,640x480,59.4,59.4,59.4,59.40,group-draw smoke test 640 | feat(common): bundle HD texture pack search path + HD_PACK docs
2026-05-20T17:13:32Z,63f76e5,fat,yosemite,PPC 750 @ 449MHz,ATI Rage 128 16MB,10.3.9 Panther,demo1,1024x768,30.7,30.7,30.7,30.70,yosemite group-draw bench (Phase B #3) | bench: mini-intel group-draw smoke — 102 → 119 fps demo1 1024 (+17%)
2026-05-20T17:15:37Z,63f76e5,fat,yosemite,PPC 750 @ 449MHz,ATI Rage 128 16MB,10.3.9 Panther,demo1,640x480,59.4,59.5,59.4,59.45,yosemite group-draw bench 640 (Phase B #3) | bench: mini-intel group-draw smoke — 102 → 119 fps demo1 1024 (+17%)
2026-05-21T18:24:55Z,8650913,fat,mini-intel,Core 2 Duo @ 2.33GHz,Intel GMA 950 64MB,10.7.5 Lion,demo1,1024x768,NA,117.0,118.7,117.85,lion re-bench post gl_groupdraw fork (cvar=1 default) | feat(refresh): gl_groupdraw cvar — per-driver group-draw vs immediate
2026-05-21T18:54:55Z,78c26f2,fat,mini-intel,Core 2 Duo @ 2.33GHz,Intel GMA 950 64MB,10.7.5 Lion,demo1,1024x768,101.2,101.2,101.2,101.20,post-fix bench: 78c26f2 group-draw + texenv-restore-fix | fix(refresh): R_ApplyGLBuffer must not toggle multitex — destroys combiner
2026-05-21T18:55:36Z,78c26f2,fat,mini-intel,Core 2 Duo @ 2.33GHz,Intel GMA 950 64MB,10.7.5 Lion,demo1,640x480,59.4,59.4,59.4,59.40,post-fix bench: 78c26f2 | fix(refresh): R_ApplyGLBuffer must not toggle multitex — destroys combiner
2026-05-21T18:57:04Z,78c26f2,fat,mini-g4,PPC 7447A @ 1.25GHz,ATI Radeon 9200 32MB,10.4.11 Tiger,demo1,1024x768,97.4,98.5,98.4,98.45,post-fix bench: 78c26f2 | fix(refresh): R_ApplyGLBuffer must not toggle multitex — destroys combiner
2026-05-21T18:57:58Z,78c26f2,fat,mini-g4,PPC 7447A @ 1.25GHz,ATI Radeon 9200 32MB,10.4.11 Tiger,demo1,640x480,124.3,123.3,124.3,123.80,post-fix bench: 78c26f2 | fix(refresh): R_ApplyGLBuffer must not toggle multitex — destroys combiner
2026-05-21T18:58:59Z,78c26f2,fat,quicksilver,PPC 7450 @ 733MHz,ATI Radeon 9000 Pro 64MB,10.4.11 Tiger,demo1,1024x768,71.5,72.0,72.7,72.35,post-fix bench: 78c26f2 | fix(refresh): R_ApplyGLBuffer must not toggle multitex — destroys combiner
2026-05-21T19:00:08Z,78c26f2,fat,quicksilver,PPC 7450 @ 733MHz,ATI Radeon 9000 Pro 64MB,10.4.11 Tiger,demo1,640x480,72.8,72.3,72.5,72.40,post-fix bench: 78c26f2 | fix(refresh): R_ApplyGLBuffer must not toggle multitex — destroys combiner
2026-05-21T19:01:32Z,78c26f2,fat,yosemite,PPC 750 @ 449MHz,ATI Rage 128 16MB,10.3.9 Panther,demo1,1024x768,31.5,31.5,31.5,31.50,post-fix bench: 78c26f2 (gl_groupdraw=0 unchanged) | fix(refresh): R_ApplyGLBuffer must not toggle multitex — destroys combiner
2026-05-21T19:03:27Z,78c26f2,fat,yosemite,PPC 750 @ 449MHz,ATI Rage 128 16MB,10.3.9 Panther,demo1,640x480,65.5,65.3,65.6,65.45,post-fix bench: 78c26f2 (gl_groupdraw=0 unchanged) | fix(refresh): R_ApplyGLBuffer must not toggle multitex — destroys combiner
2026-05-21T19:05:28Z,9527595,fat,yosemite,PPC 750 @ 449MHz,ATI Rage 128 16MB,10.3.9 Panther,demo1,1024x768,31.5,31.5,31.5,31.50,yosemite gl_groupdraw=1 retest (post-fix) | bench: post-texenv-fix grid — group-draw is fps-neutral when correct
2026-05-21T19:07:24Z,9527595,fat,yosemite,PPC 750 @ 449MHz,ATI Rage 128 16MB,10.3.9 Panther,demo1,640x480,65.4,65.2,65.4,65.30,yosemite gl_groupdraw=1 retest (post-fix) | bench: post-texenv-fix grid — group-draw is fps-neutral when correct
2026-05-21T19:09:15Z,9527595,fat,yosemite,PPC 750 @ 449MHz,ATI Rage 128 16MB,10.3.9 Panther,demo1,1024x768,31.5,31.5,31.5,31.50,yosemite full unlock test: picmip0 trilinear shadows fog groupdraw | bench: post-texenv-fix grid — group-draw is fps-neutral when correct
2026-05-21T19:11:12Z,9527595,fat,yosemite,PPC 750 @ 449MHz,ATI Rage 128 16MB,10.3.9 Panther,demo1,640x480,65.5,65.5,65.5,65.50,yosemite full unlock test | bench: post-texenv-fix grid — group-draw is fps-neutral when correct
2026-05-21T19:14:12Z,9527595,fat,yosemite,PPC 750 @ 449MHz,ATI Rage 128 16MB,10.3.9 Panther,demo1,1024x768,24.5,24.6,24.6,24.60,yosemite ULTIMATE landed: full visuals + fog tightened | bench: post-texenv-fix grid — group-draw is fps-neutral when correct
2026-05-21T19:16:30Z,9527595,fat,yosemite,PPC 750 @ 449MHz,ATI Rage 128 16MB,10.3.9 Panther,demo1,640x480,42.3,42.5,42.4,42.45,yosemite ULTIMATE landed | bench: post-texenv-fix grid — group-draw is fps-neutral when correct
2026-05-21T19:19:18Z,9527595,fat,yosemite,PPC 750 @ 449MHz,ATI Rage 128 16MB,10.3.9 Panther,demo1,1024x768,24.6,24.6,24.6,24.60,yosemite ULTIMATE fog wide-range | bench: post-texenv-fix grid — group-draw is fps-neutral when correct
2026-05-21T19:21:38Z,9527595,fat,yosemite,PPC 750 @ 449MHz,ATI Rage 128 16MB,10.3.9 Panther,demo1,640x480,42.5,42.6,42.7,42.65,yosemite ULTIMATE fog wide-range | bench: post-texenv-fix grid — group-draw is fps-neutral when correct
2026-05-21T19:23:54Z,9527595,fat,yosemite,PPC 750 @ 449MHz,ATI Rage 128 16MB,10.3.9 Panther,demo1,1024x768,25.0,25.0,25.0,25.00,yosemite ULTIMATE -fog | bench: post-texenv-fix grid — group-draw is fps-neutral when correct
2026-05-21T19:27:20Z,9527595,fat,yosemite,PPC 750 @ 449MHz,ATI Rage 128 16MB,10.3.9 Panther,demo1,1024x768,29.9,29.8,29.8,29.80,yosemite test +picmip 0 | bench: post-texenv-fix grid — group-draw is fps-neutral when correct
2026-05-21T19:29:53Z,9527595,fat,yosemite,PPC 750 @ 449MHz,ATI Rage 128 16MB,10.3.9 Panther,demo1,1024x768,30.8,30.8,30.8,30.80,yosemite test +trilinear | bench: post-texenv-fix grid — group-draw is fps-neutral when correct
2026-05-21T19:32:29Z,9527595,fat,yosemite,PPC 750 @ 449MHz,ATI Rage 128 16MB,10.3.9 Panther,demo1,1024x768,30.4,30.4,30.4,30.40,yosemite test +shadows | bench: post-texenv-fix grid — group-draw is fps-neutral when correct
2026-05-21T19:34:57Z,9527595,fat,yosemite,PPC 750 @ 449MHz,ATI Rage 128 16MB,10.3.9 Panther,demo1,1024x768,30.9,30.9,30.9,30.90,yosemite test +fog | bench: post-texenv-fix grid — group-draw is fps-neutral when correct
2026-05-21T19:37:30Z,9527595,fat,yosemite,PPC 750 @ 449MHz,ATI Rage 128 16MB,10.3.9 Panther,demo1,1024x768,30.8,30.7,30.8,30.75,yosemite test +groupdraw | bench: post-texenv-fix grid — group-draw is fps-neutral when correct
2026-05-21T19:40:11Z,9527595,fat,yosemite,PPC 750 @ 449MHz,ATI Rage 128 16MB,10.3.9 Panther,demo1,1024x768,25.8,25.7,25.7,25.70,yosemite combined: picmip0 trilinear shadows fog | bench: post-texenv-fix grid — group-draw is fps-neutral when correct
2026-05-21T19:42:24Z,9527595,fat,yosemite,PPC 750 @ 449MHz,ATI Rage 128 16MB,10.3.9 Panther,demo1,640x480,45.6,45.8,45.6,45.70,yosemite combined: picmip0 trilinear shadows fog | bench: post-texenv-fix grid — group-draw is fps-neutral when correct
2026-05-21T19:44:34Z,9527595,fat,yosemite,PPC 750 @ 449MHz,ATI Rage 128 16MB,10.3.9 Panther,demo1,1024x768,29.1,29.2,29.2,29.20,yosemite test: picmip1 + trilinear + shadows + fog | bench: post-texenv-fix grid — group-draw is fps-neutral when correct
2026-05-21T19:46:35Z,9527595,fat,yosemite,PPC 750 @ 449MHz,ATI Rage 128 16MB,10.3.9 Panther,demo1,640x480,47.6,47.6,47.6,47.60,yosemite test: picmip1 + trilinear + shadows + fog | bench: post-texenv-fix grid — group-draw is fps-neutral when correct
2026-05-21T19:50:13Z,9527595,fat,yosemite,PPC 750 @ 449MHz,ATI Rage 128 16MB,10.3.9 Panther,demo1,1024x768,25.1,25.1,25.1,25.10,yosemite ULTIMATE final: picmip0 trilinear shadows fog | bench: post-texenv-fix grid — group-draw is fps-neutral when correct
2026-05-21T19:52:30Z,9527595,fat,yosemite,PPC 750 @ 449MHz,ATI Rage 128 16MB,10.3.9 Panther,demo1,640x480,44.9,45.1,45.2,45.15,yosemite ULTIMATE final: picmip0 trilinear shadows fog | bench: post-texenv-fix grid — group-draw is fps-neutral when correct
2026-05-21T19:56:01Z,e8ae174,fat,mini-g4,PPC 7447A @ 1.25GHz,ATI Radeon 9200 32MB,10.4.11 Tiger,demo1,1024x768,100.2,100.6,100.8,100.70,mini-g4 test +modulate 1.4 | feat(autoexec/yosemite): ULTIMATE config — full visual unlock at 25 fps
2026-05-21T19:58:01Z,e8ae174,fat,yosemite,PPC 750 @ 449MHz,ATI Rage 128 16MB,10.3.9 Panther,demo1,1024x768,25.0,25.0,NA,NA,yosemite test +overbrightbits 4 | feat(autoexec/yosemite): ULTIMATE config — full visual unlock at 25 fps
2026-05-23T09:59:39Z,f55fff1,fat,mini-g4,PPC 7447A @ 1.25GHz,ATI Radeon 9200 32MB,10.4.11 Tiger,demo1,1024x768,NA,NA,NA,NA,Tier 0 cleanup smoke | docs: fact-check + tighten — fix architecture SVG floor; add texenv mistake
2026-05-23T10:06:46Z,f55fff1,fat,mini-g4,PPC 7447A @ 1.25GHz,ATI Radeon 9200 32MB,10.4.11 Tiger,demo1,1024x768,NA,NA,NA,NA,Tier 0 cleanup smoke retry | docs: fact-check + tighten — fix architecture SVG floor; add texenv mistake
2026-05-23T10:14:15Z,f55fff1,fat,mini-intel,Core 2 Duo @ 2.33GHz,Intel GMA 950 64MB,10.7.5 Lion,demo1,1024x768,100.8,101.2,101.2,101.20,Tier 0 cleanup smoke | docs: fact-check + tighten — fix architecture SVG floor; add texenv mistake
2026-05-23T10:15:02Z,f55fff1,fat,yosemite,PPC 750 @ 449MHz,ATI Rage 128 16MB,10.3.9 Panther,demo1,1024x768,25.0,25.0,25.0,25.00,Tier 0 cleanup smoke | docs: fact-check + tighten — fix architecture SVG floor; add texenv mistake
2026-05-23T10:17:36Z,f55fff1,fat,mini-g4,PPC 7447A @ 1.25GHz,ATI Radeon 9200 32MB,10.4.11 Tiger,demo1,640x480,NA,NA,NA,NA,Tier 0 cleanup smoke 640 | docs: fact-check + tighten — fix architecture SVG floor; add texenv mistake
2026-05-23T10:29:15Z,9440302,fat,mini-intel,Core 2 Duo @ 2.33GHz,Intel GMA 950 64MB,10.7.5 Lion,demo1,1024x768,101.3,101.2,101.2,101.20,Tier 2 minlight+skydistance smoke | chore(refresh): Tier 0 cleanup — analyze.sh + 7 warning fixes + Makefile floor
2026-05-23T10:30:05Z,9440302,fat,yosemite,PPC 750 @ 449MHz,ATI Rage 128 16MB,10.3.9 Panther,demo1,1024x768,25.0,25.0,25.0,25.00,Tier 2 minlight+skydistance smoke | chore(refresh): Tier 0 cleanup — analyze.sh + 7 warning fixes + Makefile floor
2026-05-23T10:32:27Z,9440302,fat,yosemite,PPC 750 @ 449MHz,ATI Rage 128 16MB,10.3.9 Panther,demo1,1024x768,25.0,25.0,25.0,25.00,Tier 2 gl_minlight=32 A/B | chore(refresh): Tier 0 cleanup — analyze.sh + 7 warning fixes + Makefile floor
2026-05-23T10:39:34Z,2c1fd88,fat,mini-intel,Core 2 Duo @ 2.33GHz,Intel GMA 950 64MB,10.7.5 Lion,demo1,1024x768,101.3,101.2,101.2,101.20,Tier 1.2 dlight row-cull | feat(refresh): Tier 2 — gl_minlight + gl_skydistance cvars
2026-05-23T10:40:17Z,2c1fd88,fat,yosemite,PPC 750 @ 449MHz,ATI Rage 128 16MB,10.3.9 Panther,demo1,1024x768,25.0,25.0,25.0,25.00,Tier 1.2 dlight row-cull | feat(refresh): Tier 2 — gl_minlight + gl_skydistance cvars
2026-05-23T10:42:45Z,2c1fd88,fat,yosemite,PPC 750 @ 449MHz,ATI Rage 128 16MB,10.3.9 Panther,demo1,1024x768,25.0,25.0,25.0,25.00,dlights-on test pre-rowcull baseline | feat(refresh): Tier 2 — gl_minlight + gl_skydistance cvars
2026-05-23T10:48:47Z,da905a2,fat,mini-g4,PPC 7447A @ 1.25GHz,ATI Radeon 9200 32MB,10.4.11 Tiger,demo1,1024x768,98.0,99.0,99.1,99.05,Tier 1.2 row-cull (HEAD) | perf(refresh): Tier 1.2 — R_AddDynamicLights row-cull
2026-05-23T10:49:56Z,da905a2,fat,mini-g4,PPC 7447A @ 1.25GHz,ATI Radeon 9200 32MB,10.4.11 Tiger,demo1,640x480,125.7,125.5,125.6,125.55,Tier 1.2 row-cull (HEAD) 640 | perf(refresh): Tier 1.2 — R_AddDynamicLights row-cull
2026-05-23T10:54:01Z,da905a2,fat,mini-g4,PPC 7447A @ 1.25GHz,ATI Radeon 9200 32MB,10.4.11 Tiger,demo1,1024x768,104.8,103.3,103.3,103.30,AltiVec R_LerpVerts attempt — 1024 | perf(refresh): Tier 1.2 — R_AddDynamicLights row-cull
2026-05-23T10:55:00Z,da905a2,fat,mini-g4,PPC 7447A @ 1.25GHz,ATI Radeon 9200 32MB,10.4.11 Tiger,demo1,640x480,125.9,125.8,126.4,126.10,AltiVec R_LerpVerts attempt — 640 | perf(refresh): Tier 1.2 — R_AddDynamicLights row-cull
2026-05-23T10:55:57Z,da905a2,fat,mini-intel,Core 2 Duo @ 2.33GHz,Intel GMA 950 64MB,10.7.5 Lion,demo1,1024x768,101.3,101.3,101.2,101.25,AltiVec R_LerpVerts attempt — no-regress check | perf(refresh): Tier 1.2 — R_AddDynamicLights row-cull
2026-05-23T10:56:47Z,da905a2,fat,yosemite,PPC 750 @ 449MHz,ATI Rage 128 16MB,10.3.9 Panther,demo1,1024x768,25.0,24.6,25.0,24.80,AltiVec R_LerpVerts no-regress yosemite | perf(refresh): Tier 1.2 — R_AddDynamicLights row-cull
2026-05-23T11:05:38Z,55bfeb8,fat,mini-g4,PPC 7447A @ 1.25GHz,ATI Radeon 9200 32MB,10.4.11 Tiger,demo1,1024x768,17.5,17.5,17.5,17.50,Tier 2 gl_particle_square + r_2D_unfiltered smoke | perf(refresh): Tier 1.3 — AltiVec R_LerpVerts (+4.3% mini-g4 demo1 1024)
2026-05-23T11:08:08Z,55bfeb8,fat,mini-intel,Core 2 Duo @ 2.33GHz,Intel GMA 950 64MB,10.7.5 Lion,demo1,1024x768,101.5,101.3,101.2,101.25,Tier 2 gl_particle_square + r_2D_unfiltered smoke | perf(refresh): Tier 1.3 — AltiVec R_LerpVerts (+4.3% mini-g4 demo1 1024)
2026-05-23T11:14:01Z,55bfeb8,fat,mini-g4,PPC 7447A @ 1.25GHz,ATI Radeon 9200 32MB,10.4.11 Tiger,demo1,1024x768,101.3,101.3,101.3,101.30,post-AltiVec-revert mini-g4 | perf(refresh): Tier 1.3 — AltiVec R_LerpVerts (+4.3% mini-g4 demo1 1024)
2026-05-23T11:23:57Z,0b4b184,fat,mini-g4,PPC 7447A @ 1.25GHz,ATI Radeon 9200 32MB,10.4.11 Tiger,demo1,1024x768,17.6,17.5,17.6,17.55,AltiVec R_LerpVerts v2 aligned-stack-load | revert+feat: AltiVec R_LerpVerts revert (warped models) + Tier 2 cvars
2026-05-23T11:29:48Z,0b4b184,fat,mini-g4,PPC 7447A @ 1.25GHz,ATI Radeon 9200 32MB,10.4.11 Tiger,demo1,1024x768,101.1,101.5,99.3,100.40,AltiVec R_LerpVerts v3 aligned-s_lerped | revert+feat: AltiVec R_LerpVerts revert (warped models) + Tier 2 cvars
2026-05-23T11:30:57Z,0b4b184,fat,mini-g4,PPC 7447A @ 1.25GHz,ATI Radeon 9200 32MB,10.4.11 Tiger,demo1,640x480,125.9,125.5,126.1,125.80,AltiVec v3 mini-g4 640 | revert+feat: AltiVec R_LerpVerts revert (warped models) + Tier 2 cvars
2026-05-23T11:32:13Z,0b4b184,fat,yosemite,PPC 750 @ 449MHz,ATI Rage 128 16MB,10.3.9 Panther,demo1,1024x768,25.0,25.0,25.0,25.00,AltiVec v3 yosemite no-regress | revert+feat: AltiVec R_LerpVerts revert (warped models) + Tier 2 cvars
2026-05-23T11:34:32Z,0b4b184,fat,mini-intel,Core 2 Duo @ 2.33GHz,Intel GMA 950 64MB,10.7.5 Lion,demo1,1024x768,101.3,101.2,101.2,101.20,AltiVec v3 mini-intel no-regress | revert+feat: AltiVec R_LerpVerts revert (warped models) + Tier 2 cvars
2026-05-23T11:37:55Z,712a244,fat,yosemite,PPC 750 @ 449MHz,ATI Rage 128 16MB,10.3.9 Panther,demo1,1024x768,25.3,25.3,25.3,25.30,autoexec: r_2D_unfiltered + gl_minlight + particle_square (yosemite) | perf(refresh): AltiVec R_LerpVerts (corrected) + s_lerped 16-byte align
2026-05-23T11:40:09Z,712a244,fat,mini-g4,PPC 7447A @ 1.25GHz,ATI Radeon 9200 32MB,10.4.11 Tiger,demo1,1024x768,101.1,101.4,101.3,101.35,autoexec: r_2D_unfiltered | perf(refresh): AltiVec R_LerpVerts (corrected) + s_lerped 16-byte align
2026-05-23T11:47:27Z,2cdcc3b,fat,yosemite,PPC 750 @ 449MHz,ATI Rage 128 16MB,10.3.9 Panther,demo1,1024x768,25.3,25.3,25.3,25.30,FINAL session grid | feat(autoexec): Tier 2 cvars wired into all 6 machine cfgs
2026-05-23T11:49:44Z,2cdcc3b,fat,yosemite,PPC 750 @ 449MHz,ATI Rage 128 16MB,10.3.9 Panther,demo1,640x480,46.1,46.0,46.1,46.05,FINAL session grid | feat(autoexec): Tier 2 cvars wired into all 6 machine cfgs
2026-05-23T11:51:24Z,2cdcc3b,fat,mini-g4,PPC 7447A @ 1.25GHz,ATI Radeon 9200 32MB,10.4.11 Tiger,demo1,1024x768,101.4,101.2,101.3,101.25,FINAL session grid | feat(autoexec): Tier 2 cvars wired into all 6 machine cfgs
2026-05-23T11:52:16Z,2cdcc3b,fat,mini-g4,PPC 7447A @ 1.25GHz,ATI Radeon 9200 32MB,10.4.11 Tiger,demo1,640x480,125.5,125.5,125.5,125.50,FINAL session grid | feat(autoexec): Tier 2 cvars wired into all 6 machine cfgs
2026-05-23T11:53:07Z,2cdcc3b,fat,mini-intel,Core 2 Duo @ 2.33GHz,Intel GMA 950 64MB,10.7.5 Lion,demo1,1024x768,101.2,101.2,101.2,101.20,FINAL session grid | feat(autoexec): Tier 2 cvars wired into all 6 machine cfgs
2026-05-23T11:53:50Z,2cdcc3b,fat,mini-intel,Core 2 Duo @ 2.33GHz,Intel GMA 950 64MB,10.7.5 Lion,demo1,640x480,59.4,59.4,59.4,59.40,FINAL session grid | feat(autoexec): Tier 2 cvars wired into all 6 machine cfgs
2026-05-23T12:01:29Z,00db90a,fat,sawtooth,PPC 7400 @ 500MHz,NVIDIA GeForce2 MX 32MB,10.4.11 Tiger,demo1,1024x768,60.3,62.5,61.6,62.05,sawtooth HEAD baseline | docs: session wrap-up — PPC_PLAN inventory + refreshed screenshot gallery
2026-05-23T12:03:34Z,00db90a,fat,sawtooth,PPC 7400 @ 500MHz,NVIDIA GeForce2 MX 32MB,10.4.11 Tiger,demo1,1024x768,51.1,58.6,58.8,58.70,sawtooth A/B groupdraw OFF | docs: session wrap-up — PPC_PLAN inventory + refreshed screenshot gallery
2026-05-23T12:05:17Z,00db90a,fat,sawtooth,PPC 7400 @ 500MHz,NVIDIA GeForce2 MX 32MB,10.4.11 Tiger,demo1,1024x768,49.0,45.0,47.1,46.05,sawtooth HEAD retry | docs: session wrap-up — PPC_PLAN inventory + refreshed screenshot gallery
2026-05-23T12:07:27Z,00db90a,fat,sawtooth,PPC 7400 @ 500MHz,NVIDIA GeForce2 MX 32MB,10.4.11 Tiger,demo1,1024x768,55.3,56.4,55.6,56.00,sawtooth HEAD bench3 | docs: session wrap-up — PPC_PLAN inventory + refreshed screenshot gallery
2026-05-23T12:15:18Z,00db90a,fat,mini-g4,PPC 7447A @ 1.25GHz,ATI Radeon 9200 32MB,10.4.11 Tiger,demo1,1024x768,NA,99.0,98.9,98.95,AltiVec R_BuildLightMap mini-g4 (default gl_dynamic 1) | docs: session wrap-up — PPC_PLAN inventory + refreshed screenshot gallery
2026-05-23T12:18:26Z,00db90a,fat,sawtooth,PPC 7400 @ 500MHz,NVIDIA GeForce2 MX 32MB,10.4.11 Tiger,demo1,1024x768,64.9,65.7,65.7,65.70,AltiVec R_BuildLightMap sawtooth | docs: session wrap-up — PPC_PLAN inventory + refreshed screenshot gallery
2026-05-23T12:20:07Z,00db90a,fat,sawtooth,PPC 7400 @ 500MHz,NVIDIA GeForce2 MX 32MB,10.4.11 Tiger,demo1,1024x768,65.1,65.7,65.8,65.75,sawtooth gl_dynamic 1 + AltiVec R_BuildLightMap unlock test | docs: session wrap-up — PPC_PLAN inventory + refreshed screenshot gallery
2026-05-23T12:22:24Z,00db90a,fat,sawtooth,PPC 7400 @ 500MHz,NVIDIA GeForce2 MX 32MB,10.4.11 Tiger,demo1,1024x768,13.7,14.7,14.7,14.70,sawtooth gl_dynamic 1 + AltiVec R_BuildLightMap (autoexec edit) | docs: session wrap-up — PPC_PLAN inventory + refreshed screenshot gallery
2026-05-23T12:28:57Z,00db90a,fat,sawtooth,PPC 7400 @ 500MHz,NVIDIA GeForce2 MX 32MB,10.4.11 Tiger,demo1,1024x768,65.1,65.9,66.0,65.95,post-AltiVec-R_BuildLightMap-revert sawtooth | docs: session wrap-up — PPC_PLAN inventory + refreshed screenshot gallery
2026-05-23T12:30:21Z,00db90a,fat,mini-g4,PPC 7447A @ 1.25GHz,ATI Radeon 9200 32MB,10.4.11 Tiger,demo1,1024x768,98.4,99.2,99.2,99.20,post-AltiVec-R_BuildLightMap-revert mini-g4 | docs: session wrap-up — PPC_PLAN inventory + refreshed screenshot gallery
2026-05-23T12:36:28Z,f141bee,fat,sawtooth,PPC 7400 @ 500MHz,NVIDIA GeForce2 MX 32MB,10.4.11 Tiger,demo1,1024x768,65.1,65.7,66.0,65.85,FINAL2 grid sawtooth 1024 | prep(decals): procedural TGA decal textures + DECALS_PLAN.md scope
2026-05-23T12:37:45Z,f141bee,fat,sawtooth,PPC 7400 @ 500MHz,NVIDIA GeForce2 MX 32MB,10.4.11 Tiger,demo1,640x480,73.0,73.1,73.2,73.15,FINAL2 grid sawtooth 640 | prep(decals): procedural TGA decal textures + DECALS_PLAN.md scope
2026-05-23T12:38:56Z,f141bee,fat,yosemite,PPC 750 @ 449MHz,ATI Rage 128 16MB,10.3.9 Panther,demo1,1024x768,25.3,25.3,25.3,25.30,FINAL2 grid yosemite 1024 | prep(decals): procedural TGA decal textures + DECALS_PLAN.md scope
2026-05-23T12:41:09Z,f141bee,fat,yosemite,PPC 750 @ 449MHz,ATI Rage 128 16MB,10.3.9 Panther,demo1,640x480,46.1,46.2,46.3,46.25,FINAL2 grid yosemite 640 | prep(decals): procedural TGA decal textures + DECALS_PLAN.md scope
2026-05-23T12:42:46Z,f141bee,fat,mini-g4,PPC 7447A @ 1.25GHz,ATI Radeon 9200 32MB,10.4.11 Tiger,demo1,1024x768,98.8,98.7,99.3,99.00,FINAL2 grid mini-g4 1024 | prep(decals): procedural TGA decal textures + DECALS_PLAN.md scope
2026-05-23T12:43:40Z,f141bee,fat,mini-g4,PPC 7447A @ 1.25GHz,ATI Radeon 9200 32MB,10.4.11 Tiger,demo1,640x480,125.8,125.6,125.6,125.60,FINAL2 grid mini-g4 640 | prep(decals): procedural TGA decal textures + DECALS_PLAN.md scope
2026-05-23T12:44:29Z,f141bee,fat,mini-intel,Core 2 Duo @ 2.33GHz,Intel GMA 950 64MB,10.7.5 Lion,demo1,1024x768,101.3,101.2,101.3,101.25,FINAL2 grid mini-intel 1024 | prep(decals): procedural TGA decal textures + DECALS_PLAN.md scope
2026-05-23T12:45:10Z,f141bee,fat,mini-intel,Core 2 Duo @ 2.33GHz,Intel GMA 950 64MB,10.7.5 Lion,demo1,640x480,59.4,59.4,59.4,59.40,FINAL2 grid mini-intel 640 | prep(decals): procedural TGA decal textures + DECALS_PLAN.md scope
2026-05-23T13:56:28Z,3fbe646,fat,yosemite,PPC 750 @ 449MHz,ATI Rage 128 16MB,10.3.9 Panther,demo1,1024x768,25.1,NA,NA,25.1,Phase A baseline | fix(decals): correct hd-pak basedir layout — decals at hd-pak/decals/
2026-05-23T13:57:44Z,3fbe646,fat,mini-g4,PPC 7447A @ 1.25GHz,ATI Radeon 9200 32MB,10.4.11 Tiger,demo1,1024x768,97.1,NA,NA,97.1,Phase A baseline | fix(decals): correct hd-pak basedir layout — decals at hd-pak/decals/
2026-05-23T13:57:45Z,3fbe646,fat,sawtooth,PPC 7400 @ 500MHz,NVIDIA GeForce2 MX 32MB,10.4.11 Tiger,demo1,1024x768,64.3,NA,NA,64.3,Phase A baseline | fix(decals): correct hd-pak basedir layout — decals at hd-pak/decals/
2026-05-23T13:59:05Z,3fbe646,fat,mini-g4,PPC 7447A @ 1.25GHz,ATI Radeon 9200 32MB,10.4.11 Tiger,demo2,1024x768,100.8,NA,NA,100.8,Phase A baseline | fix(decals): correct hd-pak basedir layout — decals at hd-pak/decals/
2026-05-23T14:25:57Z,5c54a6e,fat,mini-g4,PPC 7447A @ 1.25GHz,ATI Radeon 9200 32MB,10.4.11 Tiger,demo1,1024x768,98.7,97.6,97.4,97.50,Phase A baseline | feat(msaa): SDL_GL_MULTISAMPLE wired + per-machine defaults
2026-05-23T14:25:58Z,5c54a6e,fat,sawtooth,PPC 7400 @ 500MHz,NVIDIA GeForce2 MX 32MB,10.4.11 Tiger,demo1,1024x768,65.2,65.8,65.4,65.60,Phase A baseline | feat(msaa): SDL_GL_MULTISAMPLE wired + per-machine defaults
2026-05-23T14:25:56Z,5c54a6e,fat,yosemite,PPC 750 @ 449MHz,ATI Rage 128 16MB,10.3.9 Panther,demo1,1024x768,25.2,25.2,25.2,25.20,Phase A baseline | feat(msaa): SDL_GL_MULTISAMPLE wired + per-machine defaults
2026-05-23T14:28:44Z,5c54a6e,fat,mini-g4,PPC 7447A @ 1.25GHz,ATI Radeon 9200 32MB,10.4.11 Tiger,demo1,640x480,120.5,121.2,120.6,120.90,Phase A baseline | feat(msaa): SDL_GL_MULTISAMPLE wired + per-machine defaults
2026-05-23T14:28:45Z,5c54a6e,fat,sawtooth,PPC 7400 @ 500MHz,NVIDIA GeForce2 MX 32MB,10.4.11 Tiger,demo1,640x480,73.0,72.4,72.9,72.65,Phase A baseline | feat(msaa): SDL_GL_MULTISAMPLE wired + per-machine defaults
2026-05-23T14:28:42Z,5c54a6e,fat,yosemite,PPC 750 @ 449MHz,ATI Rage 128 16MB,10.3.9 Panther,demo1,640x480,44.3,44.6,44.2,44.40,Phase A baseline | feat(msaa): SDL_GL_MULTISAMPLE wired + per-machine defaults
2026-05-23T14:30:36Z,6a46fdd,fat,mini-intel,Core 2 Duo @ 2.33GHz,Intel GMA 950 64MB,10.7.5 Lion,demo1,1024x768,NA,NA,NA,NA,Phase A baseline | docs: correct HD_PACK layout — hd-pak/ no longer nests baseq2/
2026-05-23T15:19:11Z,9ec99f0,fat,mini-g4,PPC 7447A @ 1.25GHz,ATI Radeon 9200 32MB,10.4.11 Tiger,demo1,1024x768,56.8,NA,NA,56.8,Phase A baseline | docs(MISTAKES): log gl_stencilshadow + multitex-leak lessons
2026-05-23T15:23:19Z,9ec99f0,fat,mini-g4,PPC 7447A @ 1.25GHz,ATI Radeon 9200 32MB,10.4.11 Tiger,demo1,1024x768,56.8,NA,NA,56.8,Phase A baseline | docs(MISTAKES): log gl_stencilshadow + multitex-leak lessons
2026-05-23T15:27:02Z,9ec99f0,fat,mini-g4,PPC 7447A @ 1.25GHz,ATI Radeon 9200 32MB,10.4.11 Tiger,demo1,1024x768,56.8,NA,NA,56.8,Phase A baseline | docs(MISTAKES): log gl_stencilshadow + multitex-leak lessons
2026-05-23T15:31:17Z,9ec99f0,fat,mini-g4,PPC 7447A @ 1.25GHz,ATI Radeon 9200 32MB,10.4.11 Tiger,demo1,1024x768,56.7,NA,NA,56.7,Phase A baseline | docs(MISTAKES): log gl_stencilshadow + multitex-leak lessons
2026-05-23T15:32:02Z,9ec99f0,fat,mini-g4,PPC 7447A @ 1.25GHz,ATI Radeon 9200 32MB,10.4.11 Tiger,demo1,1024x768,44.2,NA,NA,44.2,Phase A baseline | docs(MISTAKES): log gl_stencilshadow + multitex-leak lessons
2026-05-23T15:34:35Z,b26b725,fat,mini-intel,Core 2 Duo @ 2.33GHz,Intel GMA 950 64MB,10.7.5 Lion,demo1,640x480,222.5,222.8,223.0,222.90,Phase A baseline | perf+robust: R_DrawDecals fast-path + explicit SDL_GL_SWAP_CONTROL=0
2026-05-23T15:34:36Z,b26b725,fat,mini-g4,PPC 7447A @ 1.25GHz,ATI Radeon 9200 32MB,10.4.11 Tiger,demo1,640x480,100.6,100.1,100.3,100.20,Phase A baseline | perf+robust: R_DrawDecals fast-path + explicit SDL_GL_SWAP_CONTROL=0
2026-05-23T15:34:34Z,b26b725,fat,sawtooth,PPC 7400 @ 500MHz,NVIDIA GeForce2 MX 32MB,10.4.11 Tiger,demo1,640x480,72.0,72.9,73.0,72.95,Phase A baseline | perf+robust: R_DrawDecals fast-path + explicit SDL_GL_SWAP_CONTROL=0
2026-05-23T15:34:32Z,b26b725,fat,yosemite,PPC 750 @ 449MHz,ATI Rage 128 16MB,10.3.9 Panther,demo1,640x480,46.0,46.1,45.9,46.00,Phase A baseline | perf+robust: R_DrawDecals fast-path + explicit SDL_GL_SWAP_CONTROL=0
2026-05-24T07:26:48Z,e629080,fat,quicksilver,PPC 7450 @ 733MHz,ATI Radeon 9000 Pro 64MB,10.4.11 Tiger,demo1,1024x768,70.8,70.9,70.1,70.50,Phase A baseline | bench+screenshots: final session grid — decals + greenblood + MSAA + vsync fix
2026-05-24T07:28:01Z,e629080,fat,quicksilver,PPC 7450 @ 733MHz,ATI Radeon 9000 Pro 64MB,10.4.11 Tiger,demo1,640x480,70.7,70.8,71.2,71.00,Phase A baseline | bench+screenshots: final session grid — decals + greenblood + MSAA + vsync fix
2026-05-24T07:29:25Z,e629080,fat,quicksilver,PPC 7450 @ 733MHz,ATI Radeon 9000 Pro 64MB,10.4.11 Tiger,demo2,1024x768,40.0,60.0,69.3,64.65,Phase A baseline | bench+screenshots: final session grid — decals + greenblood + MSAA + vsync fix
2026-05-24T07:30:48Z,e629080,fat,quicksilver,PPC 7450 @ 733MHz,ATI Radeon 9000 Pro 64MB,10.4.11 Tiger,demo2,640x480,72.2,71.8,71.7,71.75,Phase A baseline | bench+screenshots: final session grid — decals + greenblood + MSAA + vsync fix
2026-05-24T07:37:41Z,e629080,fat,mini-intel,Core 2 Duo @ 2.33GHz,Intel GMA 950 64MB,10.7.5 Lion,demo1,1024x768,100.3,100.3,100.3,100.30,Phase A baseline | bench+screenshots: final session grid — decals + greenblood + MSAA + vsync fix
2026-05-24T07:37:41Z,e629080,fat,mini-g4,PPC 7447A @ 1.25GHz,ATI Radeon 9200 32MB,10.4.11 Tiger,demo1,1024x768,55.9,56.8,56.8,56.80,Phase A baseline | bench+screenshots: final session grid — decals + greenblood + MSAA + vsync fix
2026-05-24T07:37:41Z,e629080,fat,quicksilver,PPC 7450 @ 733MHz,ATI Radeon 9000 Pro 64MB,10.4.11 Tiger,demo1,1024x768,68.6,68.5,68.7,68.60,Phase A baseline | bench+screenshots: final session grid — decals + greenblood + MSAA + vsync fix
2026-05-24T07:37:41Z,e629080,fat,sawtooth,PPC 7400 @ 500MHz,NVIDIA GeForce2 MX 32MB,10.4.11 Tiger,demo1,1024x768,64.8,65.4,65.5,65.45,Phase A baseline | bench+screenshots: final session grid — decals + greenblood + MSAA + vsync fix
2026-05-24T07:38:24Z,e629080,fat,mini-intel,Core 2 Duo @ 2.33GHz,Intel GMA 950 64MB,10.7.5 Lion,demo2,1024x768,107.1,107.1,107.2,107.15,Phase A baseline | bench+screenshots: final session grid — decals + greenblood + MSAA + vsync fix
2026-05-24T07:39:03Z,e629080,fat,mini-intel,Core 2 Duo @ 2.33GHz,Intel GMA 950 64MB,10.7.5 Lion,demo1,640x480,222.8,222.5,223.1,222.80,Phase A baseline | bench+screenshots: final session grid — decals + greenblood + MSAA + vsync fix
2026-05-24T07:38:48Z,e629080,fat,mini-g4,PPC 7447A @ 1.25GHz,ATI Radeon 9200 32MB,10.4.11 Tiger,demo2,1024x768,55.8,55.8,55.9,55.85,Phase A baseline | bench+screenshots: final session grid — decals + greenblood + MSAA + vsync fix
2026-05-24T07:37:41Z,e629080,fat,yosemite,PPC 750 @ 449MHz,ATI Rage 128 16MB,10.3.9 Panther,demo1,1024x768,25.2,25.2,25.2,25.20,Phase A baseline | bench+screenshots: final session grid — decals + greenblood + MSAA + vsync fix
2026-05-24T07:38:49Z,e629080,fat,quicksilver,PPC 7450 @ 733MHz,ATI Radeon 9000 Pro 64MB,10.4.11 Tiger,demo2,1024x768,69.5,69.3,69.3,69.30,Phase A baseline | bench+screenshots: final session grid — decals + greenblood + MSAA + vsync fix
2026-05-24T07:39:33Z,e629080,fat,mini-intel,Core 2 Duo @ 2.33GHz,Intel GMA 950 64MB,10.7.5 Lion,demo2,640x480,224.6,224.5,224.6,224.55,Phase A baseline | bench+screenshots: final session grid — decals + greenblood + MSAA + vsync fix
2026-05-24T07:38:56Z,e629080,fat,sawtooth,PPC 7400 @ 500MHz,NVIDIA GeForce2 MX 32MB,10.4.11 Tiger,demo2,1024x768,66.3,66.4,66.7,66.55,Phase A baseline | bench+screenshots: final session grid — decals + greenblood + MSAA + vsync fix
2026-05-24T07:39:53Z,e629080,fat,mini-g4,PPC 7447A @ 1.25GHz,ATI Radeon 9200 32MB,10.4.11 Tiger,demo1,640x480,100.6,100.5,100.4,100.45,Phase A baseline | bench+screenshots: final session grid — decals + greenblood + MSAA + vsync fix
2026-05-24T07:39:57Z,e629080,fat,quicksilver,PPC 7450 @ 733MHz,ATI Radeon 9000 Pro 64MB,10.4.11 Tiger,demo1,640x480,70.5,70.9,70.5,70.70,Phase A baseline | bench+screenshots: final session grid — decals + greenblood + MSAA + vsync fix
2026-05-24T07:40:08Z,e629080,fat,sawtooth,PPC 7400 @ 500MHz,NVIDIA GeForce2 MX 32MB,10.4.11 Tiger,demo1,640x480,73.0,72.7,73.1,72.90,Phase A baseline | bench+screenshots: final session grid — decals + greenblood + MSAA + vsync fix
2026-05-24T07:40:47Z,e629080,fat,mini-g4,PPC 7447A @ 1.25GHz,ATI Radeon 9200 32MB,10.4.11 Tiger,demo2,640x480,104.9,104.6,104.9,104.75,Phase A baseline | bench+screenshots: final session grid — decals + greenblood + MSAA + vsync fix
2026-05-24T07:39:54Z,e629080,fat,yosemite,PPC 750 @ 449MHz,ATI Rage 128 16MB,10.3.9 Panther,demo2,1024x768,25.0,25.0,24.9,24.95,Phase A baseline | bench+screenshots: final session grid — decals + greenblood + MSAA + vsync fix
2026-05-24T07:41:07Z,e629080,fat,quicksilver,PPC 7450 @ 733MHz,ATI Radeon 9000 Pro 64MB,10.4.11 Tiger,demo2,640x480,72.0,71.3,72.1,71.70,Phase A baseline | bench+screenshots: final session grid — decals + greenblood + MSAA + vsync fix
2026-05-24T07:41:21Z,e629080,fat,sawtooth,PPC 7400 @ 500MHz,NVIDIA GeForce2 MX 32MB,10.4.11 Tiger,demo2,640x480,73.6,73.6,73.6,73.60,Phase A baseline | bench+screenshots: final session grid — decals + greenblood + MSAA + vsync fix
2026-05-24T07:42:02Z,e629080,fat,yosemite,PPC 750 @ 449MHz,ATI Rage 128 16MB,10.3.9 Panther,demo1,640x480,46.2,46.1,46.3,46.20,Phase A baseline | bench+screenshots: final session grid — decals + greenblood + MSAA + vsync fix
2026-05-24T07:43:36Z,e629080,fat,yosemite,PPC 750 @ 449MHz,ATI Rage 128 16MB,10.3.9 Panther,demo2,640x480,47.0,47.3,47.2,47.25,Phase A baseline | bench+screenshots: final session grid — decals + greenblood + MSAA + vsync fix
2026-05-29T14:39:20Z,81d3c15,fat,mini-intel,Core 2 Duo @ 2.33GHz,Intel GMA 950 64MB,10.7.5 Lion,demo1,1024x768,100.0,100.8,100.8,100.80,round1 fixes+CVA+zfix smoke (pre-commit) | README: reference old-mac-quake3 sister project
2026-05-29T14:39:20Z,81d3c15,fat,mini-g4,PPC 7447A @ 1.25GHz,ATI Radeon 9200 32MB,10.4.11 Tiger,demo1,1024x768,56.1,57.1,57.1,57.10,round1 fixes+CVA+zfix smoke (pre-commit) | README: reference old-mac-quake3 sister project
2026-05-29T14:39:20Z,81d3c15,fat,quicksilver,PPC 7450 @ 733MHz,ATI Radeon 9000 Pro 64MB,10.4.11 Tiger,demo1,1024x768,66.6,67.1,66.8,66.95,round1 fixes+CVA+zfix smoke (pre-commit) | README: reference old-mac-quake3 sister project
2026-05-29T14:40:02Z,81d3c15,fat,mini-intel,Core 2 Duo @ 2.33GHz,Intel GMA 950 64MB,10.7.5 Lion,demo1,640x480,221.0,220.3,220.8,220.55,round1 fixes+CVA+zfix smoke (pre-commit) | README: reference old-mac-quake3 sister project
2026-05-29T14:40:28Z,81d3c15,fat,mini-g4,PPC 7447A @ 1.25GHz,ATI Radeon 9200 32MB,10.4.11 Tiger,demo1,640x480,96.4,96.3,96.4,96.35,round1 fixes+CVA+zfix smoke (pre-commit) | README: reference old-mac-quake3 sister project
2026-05-29T14:39:20Z,81d3c15,fat,yosemite,PPC 750 @ 449MHz,ATI Rage 128 16MB,10.3.9 Panther,demo1,1024x768,25.2,25.2,25.2,25.20,round1 fixes+CVA+zfix smoke (pre-commit) | README: reference old-mac-quake3 sister project
2026-05-29T14:40:31Z,81d3c15,fat,quicksilver,PPC 7450 @ 733MHz,ATI Radeon 9000 Pro 64MB,10.4.11 Tiger,demo1,640x480,71.1,71.4,71.7,71.55,round1 fixes+CVA+zfix smoke (pre-commit) | README: reference old-mac-quake3 sister project
2026-05-29T14:41:31Z,81d3c15,fat,yosemite,PPC 750 @ 449MHz,ATI Rage 128 16MB,10.3.9 Panther,demo1,640x480,46.0,46.2,46.1,46.15,round1 fixes+CVA+zfix smoke (pre-commit) | README: reference old-mac-quake3 sister project
2026-05-29T14:43:55Z,81d3c15,fat,mini-intel,Core 2 Duo @ 2.33GHz,Intel GMA 950 64MB,10.7.5 Lion,demo1,1024x768,100.6,100.3,100.5,100.40,round1 gl_groupdraw=0 A/B (vs production =1) | README: reference old-mac-quake3 sister project
2026-05-29T14:43:55Z,81d3c15,fat,quicksilver,PPC 7450 @ 733MHz,ATI Radeon 9000 Pro 64MB,10.4.11 Tiger,demo1,1024x768,67.3,67.2,67.2,67.20,round1 gl_groupdraw=0 A/B (vs production =1) | README: reference old-mac-quake3 sister project
2026-05-29T14:47:37Z,89ef1c7,fat,mini-intel,Core 2 Duo @ 2.33GHz,Intel GMA 950 64MB,10.7.5 Lion,demo1,1024x768,100.8,100.5,100.9,100.70,round2 knob A/B | perf+fix(refresh): CVA on group-draw path; gl_zfix; correct stale cvar comments
2026-05-29T14:48:19Z,89ef1c7,fat,mini-intel,Core 2 Duo @ 2.33GHz,Intel GMA 950 64MB,10.7.5 Lion,demo1,1024x768,100.8,100.4,100.9,100.65,round2 knob A/B | perf+fix(refresh): CVA on group-draw path; gl_zfix; correct stale cvar comments
2026-05-29T14:47:37Z,89ef1c7,fat,quicksilver,PPC 7450 @ 733MHz,ATI Radeon 9000 Pro 64MB,10.4.11 Tiger,demo1,1024x768,38.0,37.9,37.9,37.90,round2 knob A/B | perf+fix(refresh): CVA on group-draw path; gl_zfix; correct stale cvar comments
2026-05-29T14:49:13Z,89ef1c7,fat,quicksilver,PPC 7450 @ 733MHz,ATI Radeon 9000 Pro 64MB,10.4.11 Tiger,demo1,1024x768,67.3,66.9,66.8,66.85,round2 knob A/B | perf+fix(refresh): CVA on group-draw path; gl_zfix; correct stale cvar comments
2026-05-29T14:50:25Z,89ef1c7,fat,quicksilver,PPC 7450 @ 733MHz,ATI Radeon 9000 Pro 64MB,10.4.11 Tiger,demo1,1024x768,67.1,67.3,67.4,67.35,round2 knob A/B | perf+fix(refresh): CVA on group-draw path; gl_zfix; correct stale cvar comments
2026-05-29T14:59:26Z,30626b9,fat,mini-intel,Core 2 Duo @ 2.33GHz,Intel GMA 950 64MB,10.7.5 Lion,demo1,1024x768,100.8,100.6,100.8,100.70,r_glows regression (no shells in demo; checks alias path intact) | feat(autoexec): adopt gl_farsee on x86 boxes; reject MSAA 4x; knob A/B
2026-05-29T14:59:26Z,30626b9,fat,quicksilver,PPC 7450 @ 733MHz,ATI Radeon 9000 Pro 64MB,10.4.11 Tiger,demo1,1024x768,67.1,67.6,67.4,67.50,r_glows regression (no shells in demo; checks alias path intact) | feat(autoexec): adopt gl_farsee on x86 boxes; reject MSAA 4x; knob A/B
2026-05-29T15:11:23Z,344613d,fat,mini-intel,Core 2 Duo @ 2.33GHz,Intel GMA 950 64MB,10.7.5 Lion,demo1,1024x768,101.1,100.5,100.8,100.65,r_trans_lighting (lit glass/grates) — multitex modulate pass | feat(refresh): gl_glows — sphere-map energy glow on RF_SHELL alias models
2026-05-29T15:11:23Z,344613d,fat,quicksilver,PPC 7450 @ 733MHz,ATI Radeon 9000 Pro 64MB,10.4.11 Tiger,demo1,1024x768,66.9,67.4,67.3,67.35,r_trans_lighting (lit glass/grates) — multitex modulate pass | feat(refresh): gl_glows — sphere-map energy glow on RF_SHELL alias models
2026-05-29T15:21:11Z,58bf32b,fat,mini-intel,Core 2 Duo @ 2.33GHz,Intel GMA 950 64MB,10.7.5 Lion,demo1,1024x768,99.1,99.8,99.4,99.60,r_caustics (water-surface caustic overlay) | feat(refresh): gl_trans_lighting — lightmap-modulated glass/grates
2026-05-29T15:21:11Z,58bf32b,fat,quicksilver,PPC 7450 @ 733MHz,ATI Radeon 9000 Pro 64MB,10.4.11 Tiger,demo1,1024x768,64.5,65.0,64.8,64.90,r_caustics (water-surface caustic overlay) | feat(refresh): gl_trans_lighting — lightmap-modulated glass/grates
